{
  "id": "vaesen-action-damage-helper",
  "title": "Vaesen \u2013 Action & Damage Helper",
  "description": "Tracks PC conditions and applies damage to Vaesen/NPCs via Items or numeric tracks. Adds an Apply Damage button under Push in chat cards.",
  "version": "0.2.3",
  "compatibility": {
    "minimum": "13",
    "verified": "13"
  },
  "authors": [
    {
      "name": "Tommaso Paitowsky"
    }
  ],
  "esmodules": [
    "scripts/module.js"
  ],
  "styles": [],
  "readme": "README.md",
  "changelog": "CHANGELOG.md",
  "url": "https://github.com/tommasopaitowsky/vaesen-action-damage-helper",
  "manifest": "https://raw.githubusercontent.com/tommasopaitowsky/vaesen-action-damage-helper/main/module.json",
  "download": "https://raw.githubusercontent.com/tommasopaitowsky/vaesen-action-damage-helper/main/releases/vaesen-action-damage-helper-0.2.3.zip",
  "flags": {
    "project": "Moduli per Foundry"
  }
}